{
	"credit": "Made with Blockbench",
	"textures": {
		"0": "template:item/serum",
		"1": "template:item/1",
		"2": "template:item/2",
		"3": "template:item/3",
		"4": "template:item/glass",
		"5": "template:item/textureaaaa",
		"7": "template:item/texture",
		"particle": "template:item/serum"
	},
	"elements": [
		{
			"from": [6.25, 13, 6.25],
			"to": [9.75, 13.4, 9.75],
			"rotation": {"angle": 0, "axis": "y", "origin": [7, 13.75, 7]},
			"faces": {
				"north": {"uv": [4, 0, 8, 1], "texture": "#5"},
				"east": {"uv": [4, 1, 8, 2], "texture": "#5"},
				"south": {"uv": [4, 2, 8, 3], "texture": "#5"},
				"west": {"uv": [4, 3, 8, 4], "texture": "#5"},
				"up": {"uv": [4, 4, 0, 0], "texture": "#5"},
				"down": {"uv": [4, 4, 0, 8], "texture": "#5"}
			}
		},
		{
			"from": [7.25, 13.25, 7.25],
			"to": [8.75, 15.65, 8.75],
			"rotation": {"angle": 0, "axis": "y", "origin": [7, 14.75, 7]},
			"color": 8,
			"faces": {
				"north": {"uv": [0, 0, 2, 2], "texture": "#missing"},
				"east": {"uv": [0, 2, 2, 4], "texture": "#missing"},
				"south": {"uv": [2, 0, 4, 2], "texture": "#missing"},
				"west": {"uv": [2, 2, 4, 4], "texture": "#missing"},
				"up": {"uv": [2, 6, 0, 4], "texture": "#missing"},
				"down": {"uv": [6, 0, 4, 2], "texture": "#missing"}
			}
		},
		{
			"from": [6.75, 15.25, 6.75],
			"to": [9.25, 15.9, 9.25],
			"rotation": {"angle": 0, "axis": "y", "origin": [7, 16.75, 7]},
			"faces": {
				"north": {"uv": [3, 0, 6, 1], "texture": "#7"},
				"east": {"uv": [3, 1, 6, 2], "texture": "#7"},
				"south": {"uv": [3, 2, 6, 3], "texture": "#7"},
				"west": {"uv": [3, 3, 6, 4], "texture": "#7"},
				"up": {"uv": [3, 3, 0, 0], "texture": "#7"},
				"down": {"uv": [3, 3, 0, 6], "texture": "#7"}
			}
		},
		{
			"from": [7, 4.25, 7],
			"to": [9, 12, 9],
			"rotation": {"angle": 0, "axis": "y", "origin": [7, 5, 7]},
			"faces": {
				"north": {"uv": [0, 0, 2, 9], "texture": "#0"},
				"east": {"uv": [2, 0, 4, 9], "texture": "#0"},
				"south": {"uv": [4, 0, 6, 9], "texture": "#0"},
				"west": {"uv": [6, 0, 8, 9], "texture": "#0"},
				"up": {"uv": [10, 2, 8, 0], "texture": "#0"},
				"down": {"uv": [10, 2, 8, 4], "texture": "#0"}
			}
		},
		{
			"from": [9, 4.25, 7],
			"to": [9.25, 13, 9],
			"rotation": {"angle": 0, "axis": "y", "origin": [6.8, 5, 7]},
			"faces": {
				"north": {"uv": [6, 0, 8, 9], "texture": "#4"},
				"east": {"uv": [0, 0, 3, 9], "texture": "#4"},
				"south": {"uv": [8, 0, 10, 9], "texture": "#4"},
				"west": {"uv": [3, 0, 6, 9], "texture": "#4"},
				"up": {"uv": [2, 12, 0, 9], "texture": "#4"},
				"down": {"uv": [4, 9, 2, 12], "texture": "#4"}
			}
		},
		{
			"from": [7, 4.25, 9],
			"to": [9, 13, 9.25],
			"rotation": {"angle": 0, "axis": "y", "origin": [9, 5, 6.8]},
			"faces": {
				"north": {"uv": [3, 0, 6, 9], "texture": "#4"},
				"east": {"uv": [6, 0, 8, 9], "texture": "#4"},
				"south": {"uv": [0, 0, 3, 9], "texture": "#4"},
				"west": {"uv": [8, 0, 10, 9], "texture": "#4"},
				"up": {"uv": [2, 12, 0, 9], "rotation": 90, "texture": "#4"},
				"down": {"uv": [4, 9, 2, 12], "rotation": 270, "texture": "#4"}
			}
		},
		{
			"from": [7, 4.25, 6.75],
			"to": [9, 13, 7],
			"rotation": {"angle": 0, "axis": "y", "origin": [9, 5, 4.55]},
			"faces": {
				"north": {"uv": [3, 0, 6, 9], "texture": "#4"},
				"east": {"uv": [6, 0, 8, 9], "texture": "#4"},
				"south": {"uv": [0, 0, 3, 9], "texture": "#4"},
				"west": {"uv": [8, 0, 10, 9], "texture": "#4"},
				"up": {"uv": [2, 12, 0, 9], "rotation": 90, "texture": "#4"},
				"down": {"uv": [4, 9, 2, 12], "rotation": 270, "texture": "#4"}
			}
		},
		{
			"from": [6.75, 4.25, 7],
			"to": [7, 13, 9],
			"rotation": {"angle": 0, "axis": "y", "origin": [9.2, 5, 9]},
			"faces": {
				"north": {"uv": [8, 0, 10, 9], "texture": "#4"},
				"east": {"uv": [3, 0, 6, 9], "texture": "#4"},
				"south": {"uv": [6, 0, 8, 9], "texture": "#4"},
				"west": {"uv": [0, 0, 3, 9], "texture": "#4"},
				"up": {"uv": [2, 12, 0, 9], "rotation": 180, "texture": "#4"},
				"down": {"uv": [4, 9, 2, 12], "rotation": 180, "texture": "#4"}
			}
		},
		{
			"from": [7.25, 3.7, 7.25],
			"to": [8.75, 4.25, 8.75],
			"rotation": {"angle": 0, "axis": "y", "origin": [7, 4, 7]},
			"faces": {
				"north": {"uv": [2, 0, 4, 1], "texture": "#1"},
				"east": {"uv": [2, 1, 4, 2], "texture": "#1"},
				"south": {"uv": [2, 2, 4, 3], "texture": "#1"},
				"west": {"uv": [2, 3, 4, 4], "texture": "#1"},
				"up": {"uv": [2, 2, 0, 0], "texture": "#1"},
				"down": {"uv": [2, 2, 0, 4], "texture": "#1"}
			}
		},
		{
			"from": [7.75, 0, 7.75],
			"to": [8.25, 2, 8.25],
			"rotation": {"angle": 0, "axis": "y", "origin": [7, 0, 7]},
			"faces": {
				"north": {"uv": [0, 0, 1, 2], "texture": "#2"},
				"east": {"uv": [1, 0, 2, 2], "texture": "#2"},
				"south": {"uv": [0, 2, 1, 4], "texture": "#2"},
				"west": {"uv": [2, 0, 3, 2], "texture": "#2"},
				"up": {"uv": [2, 3, 1, 2], "texture": "#2"},
				"down": {"uv": [3, 2, 2, 3], "texture": "#2"}
			}
		},
		{
			"from": [7.7, 2, 7.7],
			"to": [8.3, 4, 8.3],
			"rotation": {"angle": 0, "axis": "y", "origin": [7, 5, 7]},
			"faces": {
				"north": {"uv": [0, 0, 1, 4], "texture": "#3"},
				"east": {"uv": [1, 0, 2, 4], "texture": "#3"},
				"south": {"uv": [2, 0, 3, 4], "texture": "#3"},
				"west": {"uv": [3, 0, 4, 4], "texture": "#3"},
				"up": {"uv": [1, 5, 0, 4], "texture": "#3"},
				"down": {"uv": [5, 0, 4, 1], "texture": "#3"}
			}
		}
	],
	"display": {
		"thirdperson_righthand": {
			"rotation": [0, 0, 3],
			"translation": [0.5, -9.75, 1.25]
		}
	},
	"groups": [
		{
			"name": "atas",
			"origin": [9.2, 12, 9],
			"color": 0,
			"children": [0, 1, 2]
		},
		{
			"name": "tengah",
			"origin": [8, 8, 8],
			"color": 0,
			"children": [3, 4, 5, 6, 7]
		},
		{
			"name": "ujung",
			"origin": [8, 8, 8],
			"color": 0,
			"children": [8, 9, 10]
		}
	]
}